poll_id,state,K,pollster,end_date,group,mode,candidate_sponsored,post_announcement,dem_candidate,Y,did,sid,electors,pid,gid,mid,cid,hid,hyp
86836,National,952,Redfield & Wilton Strategies,2024-05-01,lv,Online Panel,None,FALSE,Biden,465,1,55,0,75,1,18,4,2,0
86871,Virginia,736,McLaughlin,2024-05-01,lv,Live Phone/Text-to-Web,REP,FALSE,Biden,384,1,50,13,56,1,14,2,2,0
86872,Minnesota,570,McLaughlin,2024-05-01,lv,Live Phone/Text-to-Web,REP,FALSE,Biden,276,1,25,10,56,1,14,2,2,0
86886,National,1439,co/efficient,2024-05-01,lv,Text,None,FALSE,Biden,684,1,55,0,104,1,22,4,2,0
86950,National,1131,Kaiser Family Foundation,2024-05-01,rv,Probability Panel,None,FALSE,Biden,572,1,55,0,46,2,21,4,2,0
86895,National,1153,Data for Progress,2024-05-02,lv,Online Panel,None,FALSE,Biden,583,2,55,0,20,1,18,4,2,0
86848,National,738,Suffolk,2024-05-03,rv,Live Phone,None,FALSE,Biden,367,3,55,0,87,2,9,4,2,0
86849,National,1037,TIPP,2024-05-03,rv,Online Panel,None,FALSE,Biden,531,3,55,0,91,2,18,4,2,0
86893,New York,985,Slingshot Strategies,2024-05-03,rv,Online Panel,None,FALSE,Biden,593,3,36,28,82,2,18,4,2,0
86903,Arizona,455,Redfield & Wilton Strategies,2024-05-04,lv,Online Panel,None,FALSE,Biden,222,4,3,11,75,1,18,4,2,0
86904,Florida,498,Redfield & Wilton Strategies,2024-05-04,lv,Online Panel,None,FALSE,Biden,223,4,10,30,75,1,18,4,2,0
86905,Georgia,394,Redfield & Wilton Strategies,2024-05-04,lv,Online Panel,None,FALSE,Biden,185,4,11,16,75,1,18,4,2,0
86906,Michigan,417,Redfield & Wilton Strategies,2024-05-04,lv,Online Panel,None,FALSE,Biden,193,4,24,15,75,1,18,4,2,0
86907,North Carolina,448,Redfield & Wilton Strategies,2024-05-04,lv,Online Panel,None,FALSE,Biden,205,4,37,16,75,1,18,4,2,0
86908,Pennsylvania,428,Redfield & Wilton Strategies,2024-05-04,lv,Online Panel,None,FALSE,Biden,209,4,42,19,75,1,18,4,2,0
86883,North Carolina,485,Cygnal,2024-05-05,lv,Live Phone,None,FALSE,Biden,229,5,37,16,19,1,9,4,2,0
86896,Georgia,528,North Star Opinion Research,2024-05-05,lv,Live Phone/Text-to-Web,REP,FALSE,Biden,234,5,11,16,62,1,14,2,2,0
86879,Wisconsin,1369,Quinnipiac,2024-05-06,rv,Live Phone,None,FALSE,Biden,728,6,53,10,73,2,9,4,2,0
86932,National,366,Ipsos,2024-05-06,rv,Probability Panel,None,FALSE,Biden,187,6,55,0,42,2,21,4,2,0
86876,National,1374,YouGov,2024-05-07,rv,Online Panel,None,FALSE,Biden,687,7,55,0,101,2,18,4,2,0
86881,Maryland,661,PPP,2024-05-07,v,IVR/Text,DEM,FALSE,Biden,431,7,22,10,65,3,7,1,2,0
86889,Florida,567,Cherry Communications,2024-05-07,lv,Live Phone,REP,FALSE,Biden,256,7,10,30,16,1,9,2,2,0
86882,Maryland,1009,Emerson,2024-05-08,rv,IVR/Online Panel/Text-to-Web,None,FALSE,Biden,624,8,22,10,26,2,6,4,2,0
86884,National,2365,Big Village,2024-05-08,lv,Online Panel,None,FALSE,Biden,1201,8,55,0,12,1,18,4,2,0
87128,National,1022,Clarity,2024-05-08,rv,Online Panel,None,FALSE,Biden,495,8,55,0,18,2,18,4,2,0
86897,Arizona,576,Siena/NYT,2024-05-09,lv,Live Phone,None,FALSE,Biden,269,9,3,11,81,1,9,4,2,0
86898,Georgia,550,Siena/NYT,2024-05-09,lv,Live Phone,None,FALSE,Biden,248,9,11,16,81,1,9,4,2,0
86899,Michigan,573,Siena/NYT,2024-05-09,lv,Live Phone,None,FALSE,Biden,290,9,24,15,81,1,9,4,2,0
86900,Nevada,546,Siena/NYT,2024-05-09,lv,Live Phone,None,FALSE,Biden,233,9,32,6,81,1,9,4,2,0
86901,Pennsylvania,951,Siena/NYT,2024-05-09,lv,Live Phone,None,FALSE,Biden,460,9,42,19,81,1,9,4,2,0
86902,Wisconsin,571,Siena/NYT,2024-05-09,lv,Live Phone,None,FALSE,Biden,282,9,53,10,81,1,9,4,2,0
86941,National,1720,RMG Research,2024-05-09,lv,Unknown,None,FALSE,Biden,880,9,55,0,74,1,25,4,2,0
86998,Tennessee,380,SSRS,2024-05-09,rv,Live Phone,None,FALSE,Biden,145,9,46,11,78,2,9,4,2,0
87012,North Carolina,692,High Point University,2024-05-09,rv,Online Panel,None,FALSE,Biden,338,9,37,16,37,2,18,4,2,0
86948,Minnesota,537,SurveyUSA,2024-05-11,lv,Online Panel,None,FALSE,Biden,275,11,25,10,89,1,18,4,2,0
86987,Arizona,740,Morning Consult,2024-05-12,rv,Online Panel,None,FALSE,Biden,350,12,3,11,58,2,18,4,2,0
86987,Arizona,739,Morning Consult,2024-05-12,rv,Online Panel,None,FALSE,Harris,334,12,3,11,58,2,18,4,1,1
86989,Georgia,724,Morning Consult,2024-05-12,rv,Online Panel,None,FALSE,Biden,350,12,11,16,58,2,18,4,2,0
86989,Georgia,716,Morning Consult,2024-05-12,rv,Online Panel,None,FALSE,Harris,326,12,11,16,58,2,18,4,1,1
86990,Michigan,641,Morning Consult,2024-05-12,rv,Online Panel,None,FALSE,Biden,324,12,24,15,58,2,18,4,2,0
86990,Michigan,641,Morning Consult,2024-05-12,rv,Online Panel,None,FALSE,Harris,310,12,24,15,58,2,18,4,1,1
86992,North Carolina,641,Morning Consult,2024-05-12,rv,Online Panel,None,FALSE,Biden,296,12,37,16,58,2,18,4,2,0
86992,North Carolina,634,Morning Consult,2024-05-12,rv,Online Panel,None,FALSE,Harris,282,12,37,16,58,2,18,4,1,1
86993,Pennsylvania,764,Morning Consult,2024-05-12,rv,Online Panel,None,FALSE,Biden,374,12,42,19,58,2,18,4,2,0
86993,Pennsylvania,755,Morning Consult,2024-05-12,rv,Online Panel,None,FALSE,Harris,349,12,42,19,58,2,18,4,1,1
86953,National,1092,Beacon/Shaw,2024-05-13,rv,Live Phone,None,FALSE,Biden,540,13,55,0,8,2,9,4,2,0
86959,National,982,Redfield & Wilton Strategies,2024-05-13,lv,Online Panel,None,FALSE,Biden,497,13,55,0,75,1,18,4,2,0
86991,Nevada,432,Morning Consult,2024-05-13,rv,Online Panel,None,FALSE,Biden,216,13,32,6,58,2,18,4,2,0
86991,Nevada,418,Morning Consult,2024-05-13,rv,Online Panel,None,FALSE,Harris,202,13,32,6,58,2,18,4,1,1
86994,Wisconsin,645,Morning Consult,2024-05-13,rv,Online Panel,None,FALSE,Biden,319,13,53,10,58,2,18,4,2,0
86994,Wisconsin,624,Morning Consult,2024-05-13,rv,Online Panel,None,FALSE,Harris,284,13,53,10,58,2,18,4,1,1
87015,Arizona,469,Benenson Strategy Group/GS Strategy Group,2024-05-13,lv,Online Panel/Text-to-Web,None,FALSE,Biden,232,13,3,11,10,1,20,4,2,0
87016,Georgia,546,Benenson Strategy Group/GS Strategy Group,2024-05-13,lv,Online Panel/Text-to-Web,None,FALSE,Biden,264,13,11,16,10,1,20,4,2,0
87017,Michigan,558,Benenson Strategy Group/GS Strategy Group,2024-05-13,lv,Online Panel/Text-to-Web,None,FALSE,Biden,273,13,24,15,10,1,20,4,2,0
87018,Nevada,358,Benenson Strategy Group/GS Strategy Group,2024-05-13,lv,Online Panel/Text-to-Web,None,FALSE,Biden,161,13,32,6,10,1,20,4,2,0
87019,North Carolina,534,Benenson Strategy Group/GS Strategy Group,2024-05-13,lv,Online Panel/Text-to-Web,None,FALSE,Biden,246,13,37,16,10,1,20,4,2,0
87020,Pennsylvania,678,Benenson Strategy Group/GS Strategy Group,2024-05-13,lv,Online Panel/Text-to-Web,None,FALSE,Biden,328,13,42,19,10,1,20,4,2,0
87021,Wisconsin,452,Benenson Strategy Group/GS Strategy Group,2024-05-13,lv,Online Panel/Text-to-Web,None,FALSE,Biden,226,13,53,10,10,1,20,4,2,0
87023,South Dakota,407,Mason-Dixon,2024-05-13,rv,Live Phone,None,FALSE,Biden,157,13,45,3,55,2,9,4,2,0
86949,National,1316,YouGov,2024-05-14,rv,Online Panel,None,FALSE,Biden,650,14,55,0,101,2,18,4,2,0
86952,National,2952,Ipsos,2024-05-14,rv,Probability Panel,None,FALSE,Biden,1476,14,55,0,42,2,21,4,2,0
86958,National,1614,McLaughlin,2024-05-14,lv,Online Panel,REP,FALSE,Biden,809,14,55,0,56,1,18,2,2,0
86988,Arizona,852,Noble Predictive Insights,2024-05-14,rv,Online Panel,None,FALSE,Biden,411,14,3,11,61,2,18,4,2,0
86997,New Hampshire,468,University of Massachusetts Lowell/YouGov,2024-05-14,lv,Online Panel,None,FALSE,Biden,252,14,33,4,98,1,18,4,2,0
86965,National,900,McLaughlin,2024-05-15,lv,Online Panel,None,FALSE,Biden,430,15,55,0,56,1,18,4,2,0
86965,National,890,McLaughlin,2024-05-15,lv,Online Panel,None,FALSE,Harris,410,15,55,0,56,1,18,4,1,1
86995,National,684,Marquette Law School,2024-05-15,lv,Probability Panel,None,FALSE,Biden,335,15,55,0,54,1,21,4,2,0
86996,New York,1013,Siena,2024-05-15,rv,Live Phone/Online Panel/Text-to-Web,None,FALSE,Biden,560,15,36,28,80,2,13,4,2,0
86960,National,972,Echelon Insights,2024-05-16,lv,Online Panel,None,FALSE,Biden,471,16,55,0,23,1,18,4,2,0
86961,Washington,578,PPP,2024-05-16,lv,IVR/Text,DEM,FALSE,Biden,338,16,51,12,65,1,7,1,2,0
86963,Florida,1169,YouGov,2024-05-16,lv,Online Panel,None,FALSE,Biden,531,16,10,30,101,1,18,4,2,0
86964,Arizona,1181,YouGov,2024-05-16,lv,Online Panel,None,FALSE,Biden,561,16,3,11,101,1,18,4,2,0
86967,National,1660,HarrisX/Harris Poll,2024-05-16,rv,Online Panel,None,FALSE,Biden,780,16,55,0,35,2,18,4,2,0
87003,Arizona,490,Prime Group,2024-05-16,rv,Online Panel,DEM,FALSE,Biden,240,16,3,11,69,2,18,1,2,0
87004,Florida,486,Prime Group,2024-05-16,rv,Online Panel,DEM,FALSE,Biden,228,16,10,30,69,2,18,1,2,0
87005,Georgia,470,Prime Group,2024-05-16,rv,Online Panel,DEM,FALSE,Biden,230,16,11,16,69,2,18,1,2,0
87006,Michigan,482,Prime Group,2024-05-16,rv,Online Panel,DEM,FALSE,Biden,251,16,24,15,69,2,18,1,2,0
87007,Nevada,468,Prime Group,2024-05-16,rv,Online Panel,DEM,FALSE,Biden,234,16,32,6,69,2,18,1,2,0
87008,North Carolina,472,Prime Group,2024-05-16,rv,Online Panel,DEM,FALSE,Biden,231,16,37,16,69,2,18,1,2,0
87009,Pennsylvania,487,Prime Group,2024-05-16,rv,Online Panel,DEM,FALSE,Biden,248,16,42,19,69,2,18,1,2,0
87010,Wisconsin,488,Prime Group,2024-05-16,rv,Online Panel,DEM,FALSE,Biden,249,16,53,10,69,2,18,1,2,0
87031,National,1362,Cygnal,2024-05-16,lv,Unknown,None,FALSE,Biden,675,16,55,0,19,1,25,4,2,0
87033,Washington,306,Elway,2024-05-16,rv,Live Phone/Text-to-Web,None,FALSE,Biden,169,16,51,12,24,2,14,4,2,0
86986,North Carolina,735,Change Research,2024-05-18,lv,Text-to-Web/Online Ad,DEM,FALSE,Biden,359,18,37,16,15,1,24,1,2,0
87426,Michigan,534,KAConsulting LLC,2024-05-19,rv,Live Phone/Online Panel,DEM,FALSE,Biden,264,19,24,15,45,2,11,1,2,0
87427,Pennsylvania,528,KAConsulting LLC,2024-05-19,rv,Live Phone/Online Panel,DEM,FALSE,Biden,264,19,42,19,45,2,11,1,2,0
87428,Wisconsin,540,KAConsulting LLC,2024-05-19,rv,Live Phone/Online Panel,DEM,FALSE,Biden,270,19,53,10,45,2,11,1,2,0
86980,New Hampshire,630,Praecones Analytica,2024-05-20,rv,Online Panel,None,FALSE,Biden,315,20,33,4,68,2,18,4,2,0
87001,National,1306,Quinnipiac,2024-05-20,rv,Live Phone,None,FALSE,Biden,660,20,55,0,73,2,9,4,2,0
87028,Massachusetts,526,U. New Hampshire,2024-05-20,lv,Probability Panel,None,FALSE,Biden,358,20,23,11,96,1,21,4,2,0
87029,Rhode Island,538,U. New Hampshire,2024-05-20,lv,Probability Panel,None,FALSE,Biden,323,20,43,4,96,1,21,4,2,0
87030,New Hampshire,1140,U. New Hampshire,2024-05-20,lv,Probability Panel,None,FALSE,Biden,593,20,33,4,96,1,21,4,2,0
86985,National,1264,YouGov,2024-05-21,rv,Online Panel,None,FALSE,Biden,624,21,55,0,101,2,18,4,2,0
87002,National,920,Bullfinch,2024-05-21,rv,Online Panel,None,FALSE,Biden,450,21,55,0,13,2,18,4,2,0
87014,National,1081,ActiVote,2024-05-21,lv,App Panel,None,FALSE,Biden,529,21,55,0,4,1,1,4,2,0
87026,Arizona,442,Florida Atlantic University/Mainstreet Research,2024-05-21,lv,IVR/Online Panel,None,FALSE,Biden,226,21,3,11,30,1,5,4,2,0
87027,Nevada,465,Florida Atlantic University/Mainstreet Research,2024-05-21,lv,IVR/Online Panel,None,FALSE,Biden,212,21,32,6,30,1,5,4,2,0
87048,Michigan,670,Mitchell,2024-05-21,lv,Text-to-Web,None,FALSE,Biden,328,21,24,15,57,1,23,4,2,0
87049,Nevada,426,Iron Light,2024-05-21,lv,Online Panel,REP,FALSE,Biden,204,21,32,6,43,1,18,2,2,0
87053,Virginia,598,Roanoke College,2024-05-21,lv,Live Phone/Online Panel,None,FALSE,Biden,299,21,50,13,77,1,11,4,2,0
87261,Arizona,513,P2 Insights,2024-05-21,lv,Live Phone/Text-to-Web,REP,FALSE,Biden,247,21,3,11,63,1,14,2,2,0
87262,Georgia,534,P2 Insights,2024-05-21,lv,Live Phone/Text-to-Web,REP,FALSE,Biden,254,21,11,16,63,1,14,2,2,0
87263,Michigan,532,P2 Insights,2024-05-21,lv,Live Phone/Text-to-Web,REP,FALSE,Biden,240,21,24,15,63,1,14,2,2,0
87264,Nevada,526,P2 Insights,2024-05-21,lv,Live Phone/Text-to-Web,REP,FALSE,Biden,260,21,32,6,63,1,14,2,2,0
87265,Wisconsin,559,P2 Insights,2024-05-21,lv,Live Phone/Text-to-Web,REP,FALSE,Biden,273,21,53,10,63,1,14,2,2,0
87054,Nebraska CD-2,316,Iron Light,2024-05-22,lv,Online Panel,REP,FALSE,Biden,168,22,30,1,43,1,18,2,2,0
87032,National,1100,Emerson,2024-05-23,rv,IVR/Online Panel/Text-to-Web,None,FALSE,Biden,549,23,55,0,26,2,6,4,2,0
87047,National,900,McLaughlin,2024-05-23,lv,Online Panel,None,FALSE,Biden,440,23,55,0,56,1,18,4,2,0
87057,National,1100,Marist,2024-05-23,rv,Live Phone/Online Panel/Text-to-Web,None,FALSE,Biden,561,23,55,0,53,2,13,4,2,0
87034,Nevada,546,The Tyson Group,2024-05-25,lv,Online Panel,None,FALSE,Biden,264,25,32,6,93,1,18,4,2,0
87056,National,751,Leger,2024-05-26,lv,Online Panel,None,FALSE,Biden,371,26,55,0,49,1,18,4,2,0
87223,National,820,Emerson,2024-05-27,rv,Online Panel/Text-to-Web,None,FALSE,Biden,410,27,55,0,26,2,20,4,2,0
87051,National,1253,YouGov,2024-05-28,rv,Online Panel,None,FALSE,Biden,619,28,55,0,101,2,18,4,2,0
87069,New York,1000,Emerson,2024-05-29,rv,IVR/Online Panel/Text-to-Web,None,FALSE,Biden,552,29,36,28,26,2,6,4,2,0
87108,Ohio,802,National Public Affairs,2024-05-29,lv,IVR/Live Phone/Text-to-Web,None,FALSE,Biden,369,29,39,17,59,1,4,4,2,0
87105,Massachusetts,525,YouGov,2024-05-30,a,Online Panel,None,FALSE,Biden,336,30,23,11,101,4,18,4,2,0
87390,National,6767,Lord Ashcroft Polls,2024-05-30,rv,Online Panel,None,FALSE,Biden,3587,30,55,0,50,2,18,4,2,0
87075,National,1708,Ipsos,2024-05-31,rv,Probability Panel,None,FALSE,Biden,875,31,55,0,42,2,21,4,2,0
87079,National,1006,HarrisX,2024-05-31,rv,Online Panel,None,FALSE,Biden,493,31,55,0,34,2,18,4,2,0
87083,National,1374,TIPP,2024-05-31,rv,Online Panel,None,FALSE,Biden,687,31,55,0,91,2,18,4,2,0
87097,Michigan,592,Florida Atlantic University/Mainstreet Research,2024-05-31,lv,IVR/Online Panel,None,FALSE,Biden,299,31,24,15,30,1,5,4,2,0
87098,Pennsylvania,849,Florida Atlantic University/Mainstreet Research,2024-05-31,lv,IVR/Online Panel,None,FALSE,Biden,415,31,42,19,30,1,5,4,2,0
87099,Wisconsin,235,Florida Atlantic University/Mainstreet Research,2024-05-31,lv,IVR/Online Panel,None,FALSE,Biden,116,31,53,10,30,1,5,4,2,0
87104,National,3772,SurveyMonkey,2024-05-31,a,Online Panel,None,FALSE,Biden,1768,31,55,0,88,4,18,4,2,0
87088,North Carolina,540,North Star Opinion Research,2024-06-02,lv,Live Phone,None,FALSE,Biden,246,33,37,16,62,1,9,4,2,0
87167,California,944,PPIC,2024-06-02,lv,Probability Panel,None,FALSE,Biden,604,33,5,54,64,1,21,4,2,0
87109,Georgia,1118,Quinnipiac,2024-06-03,rv,Live Phone,None,FALSE,Biden,529,34,11,16,73,2,9,4,2,0
87110,Michigan,680,Mitchell,2024-06-03,lv,Text-to-Web,None,FALSE,Biden,338,34,24,15,57,1,23,4,2,0
87119,North Carolina,1212,East Carolina University,2024-06-03,rv,IVR/Online Panel/Text-to-Web,None,FALSE,Biden,573,34,37,16,22,2,6,4,2,0
87122,Virginia,1062,Beacon/Shaw,2024-06-03,rv,Live Phone/Text-to-Web,None,FALSE,Biden,531,34,50,13,8,2,14,4,2,0
87123,Florida,1032,Beacon/Shaw,2024-06-03,rv,Live Phone/Text-to-Web,None,FALSE,Biden,494,34,10,30,8,2,14,4,2,0
87124,Nevada,1015,Beacon/Shaw,2024-06-03,rv,Live Phone/Text-to-Web,None,FALSE,Biden,481,34,32,6,8,2,14,4,2,0
87125,Arizona,1062,Beacon/Shaw,2024-06-03,rv,Live Phone/Text-to-Web,None,FALSE,Biden,504,34,3,11,8,2,14,4,2,0
87157,National,747,Navigator,2024-06-03,lv,Online Panel,None,FALSE,Biden,390,34,55,0,60,1,18,4,2,0
87102,National,1316,YouGov,2024-06-04,rv,Online Panel,None,FALSE,Biden,658,35,55,0,101,2,18,4,2,0
87115,National,1671,ActiVote,2024-06-04,lv,App Panel,None,FALSE,Biden,804,35,55,0,4,1,1,4,2,0
87120,West Virginia,385,Kaplan Strategies,2024-06-04,lv,Online Panel/Text-to-Web,None,FALSE,Biden,130,35,52,4,47,1,20,4,2,0
87160,Arizona,564,Fabrizio/Impact,2024-06-04,lv,Live Phone,None,FALSE,Biden,264,35,3,11,29,1,9,4,2,0
87113,National,1000,Emerson,2024-06-05,rv,IVR/Online Panel,None,FALSE,Biden,502,36,55,0,26,2,5,4,2,0
87134,Minnesota,681,Mason-Dixon,2024-06-05,lv,Live Phone,None,FALSE,Biden,356,36,25,10,55,1,9,4,2,0
87243,Montana,450,Fabrizio,2024-06-05,lv,Live Phone/Text-to-Web,REP,FALSE,Biden,180,36,28,4,27,1,14,2,2,0
87533,Nebraska,456,Global Strategy Group,2024-06-05,lv,Live Phone/Text-to-Web,IND,FALSE,Biden,204,36,56,2,33,1,14,3,2,0
87129,National,1115,YouGov,2024-06-06,rv,Online Panel,None,FALSE,Biden,570,37,55,0,101,2,18,4,2,0
87145,Ohio,1012,Marist,2024-06-06,rv,Live Phone/Online Panel/Text,None,FALSE,Biden,466,37,39,17,53,2,12,4,2,0
87152,Pennsylvania,1086,Marist,2024-06-06,rv,Live Phone/Online Panel/Text,None,FALSE,Biden,531,37,42,19,53,2,12,4,2,0
87155,National,1366,Cygnal,2024-06-06,lv,Unknown,None,FALSE,Biden,668,37,55,0,19,1,25,4,2,0
87168,National,2550,RMG Research,2024-06-06,rv,Unknown,None,FALSE,Biden,1260,37,55,0,74,2,25,4,2,0
87131,National,1346,YouGov,2024-06-07,lv,Online Panel,None,FALSE,Biden,666,38,55,0,101,1,18,4,2,0
87132,Utah,702,HarrisX,2024-06-07,rv,Online Panel,None,FALSE,Biden,214,38,48,6,34,2,18,4,2,0
87147,Florida,861,The Tyson Group,2024-06-09,lv,Live Phone/Text-to-Web,None,FALSE,Biden,378,40,10,30,93,1,14,4,2,0
87153,Florida,710,Florida Atlantic University/Mainstreet Research,2024-06-09,lv,IVR/Online Panel,None,FALSE,Biden,332,40,10,30,30,1,5,4,2,0
87158,National,1206,Big Village,2024-06-09,lv,Online Panel,None,FALSE,Biden,605,40,55,0,12,1,18,4,2,0
87203,Texas,1020,YouGov,2024-06-09,rv,Online Panel,None,FALSE,Biden,468,40,47,40,101,2,18,4,2,0
87165,Wisconsin,440,J.L. Partners,2024-06-10,lv,Live Phone/Online Panel/Text,None,FALSE,Biden,220,41,53,10,44,1,12,4,2,0
87344,National,649,SSRS,2024-06-10,a,Probability Panel,None,FALSE,Biden,309,41,55,0,78,4,21,4,2,0
87150,National,1148,YouGov,2024-06-11,rv,Online Panel,None,FALSE,Biden,560,42,55,0,101,2,18,4,2,0
87161,National,1026,Civiqs,2024-06-11,rv,Online Panel,DEM,FALSE,Biden,513,42,55,0,17,2,18,1,2,0
87173,Minnesota,552,McLaughlin,2024-06-11,lv,Live Phone/Text-to-Web,REP,FALSE,Biden,270,42,25,10,56,1,14,2,2,0
87176,Arizona,335,Redfield & Wilton Strategies,2024-06-11,lv,Online Panel,None,FALSE,Biden,163,42,3,11,75,1,18,4,2,0
87177,Florida,346,Redfield & Wilton Strategies,2024-06-11,lv,Online Panel,None,FALSE,Biden,160,42,10,30,75,1,18,4,2,0
87178,Georgia,391,Redfield & Wilton Strategies,2024-06-11,lv,Online Panel,None,FALSE,Biden,184,42,11,16,75,1,18,4,2,0
87179,Michigan,434,Redfield & Wilton Strategies,2024-06-11,lv,Online Panel,None,FALSE,Biden,214,42,24,15,75,1,18,4,2,0
87180,North Carolina,444,Redfield & Wilton Strategies,2024-06-11,lv,Online Panel,None,FALSE,Biden,214,42,37,16,75,1,18,4,2,0
87181,Pennsylvania,393,Redfield & Wilton Strategies,2024-06-11,lv,Online Panel,None,FALSE,Biden,192,42,42,19,75,1,18,4,2,0
87196,North Carolina,552,Spry Strategies,2024-06-11,lv,IVR/Live Phone/Text,None,FALSE,Biden,264,42,37,16,85,1,3,4,2,0
87162,National,962,Echelon Insights,2024-06-12,lv,Online Panel,None,FALSE,Biden,486,43,55,0,23,1,18,4,2,0
87164,National,744,Ipsos,2024-06-12,rv,Probability Panel,None,FALSE,Biden,363,43,55,0,42,2,21,4,2,0
87182,National,924,Redfield & Wilton Strategies,2024-06-12,lv,Online Panel,None,FALSE,Biden,468,43,55,0,75,1,18,4,2,0
87192,National,1160,Marist,2024-06-12,rv,Live Phone/Text/Online Panel,None,FALSE,Biden,580,43,55,0,53,2,16,4,2,0
87214,Montana,470,Public Opinion Strategies,2024-06-13,lv,Live Phone,REP,FALSE,Biden,185,44,28,4,70,1,9,2,2,0
87175,Iowa,518,Selzer,2024-06-14,lv,Live Phone,None,FALSE,Biden,202,45,16,6,79,1,9,4,2,0
87195,New Mexico,494,PPP,2024-06-14,v,IVR/Text,None,FALSE,Biden,266,45,35,5,65,3,7,4,2,0
87201,National,809,YouGov,2024-06-14,rv,Online Panel,None,FALSE,Biden,415,45,55,0,101,2,18,4,2,0
87237,Rhode Island,1058,Embold Research,2024-06-14,lv,Text-to-Web/Online Ad,None,FALSE,Biden,580,45,43,4,25,1,24,4,2,0
87198,Minnesota,551,SurveyUSA,2024-06-16,lv,Online Panel,None,FALSE,Biden,294,47,25,10,89,1,18,4,2,0
87200,National,1074,Beacon/Shaw,2024-06-17,rv,Live Phone/Text-to-Web,None,FALSE,Biden,548,48,55,0,8,2,14,4,2,0
87205,New York,692,Siena,2024-06-17,rv,Live Phone/Online Panel/Text-to-Web,None,FALSE,Biden,378,48,36,28,80,2,13,4,2,0
87224,National,942,Redfield & Wilton Strategies,2024-06-17,lv,Online Panel,None,FALSE,Biden,471,48,55,0,75,1,18,4,2,0
87323,National,1660,Innovative Research Group,2024-06-17,rv,Online Panel,None,FALSE,Biden,820,48,55,0,40,2,18,4,2,0
87204,National,1172,YouGov,2024-06-18,rv,Online Panel,None,FALSE,Biden,586,49,55,0,101,2,18,4,2,0
87207,Arizona,1000,Emerson,2024-06-18,rv,IVR/Online Panel/Text-to-Web,None,FALSE,Biden,480,49,3,11,26,2,6,4,2,0
87208,Nevada,1000,Emerson,2024-06-18,rv,IVR/Online Panel/Text-to-Web,None,FALSE,Biden,503,49,32,6,26,2,6,4,2,0
87209,Michigan,1000,Emerson,2024-06-18,rv,IVR/Online Panel/Text-to-Web,None,FALSE,Biden,493,49,24,15,26,2,6,4,2,0
87210,Minnesota,1000,Emerson,2024-06-18,rv,IVR/Online Panel/Text-to-Web,None,FALSE,Biden,510,49,25,10,26,2,6,4,2,0
87211,Pennsylvania,1000,Emerson,2024-06-18,rv,IVR/Online Panel/Text-to-Web,None,FALSE,Biden,489,49,42,19,26,2,6,4,2,0
87212,Wisconsin,1000,Emerson,2024-06-18,rv,IVR/Online Panel/Text-to-Web,None,FALSE,Biden,487,49,53,10,26,2,6,4,2,0
87213,Georgia,1000,Emerson,2024-06-18,rv,IVR/Online Panel/Text-to-Web,None,FALSE,Biden,477,49,11,16,26,2,6,4,2,0
87238,Nevada,558,Fabrizio/Impact,2024-06-18,lv,Live Phone/Text-to-Web,None,FALSE,Biden,270,49,32,6,29,1,14,4,2,0
87267,National,1814,YouGov Blue,2024-06-18,rv,Online Panel,DEM,FALSE,Biden,907,49,55,0,102,2,18,1,2,0
87216,Missouri,1000,Emerson,2024-06-19,rv,IVR/Online Panel,None,FALSE,Biden,433,50,27,10,26,2,5,4,2,0
87268,North Dakota,450,Public Opinion Strategies,2024-06-19,lv,Unknown,None,FALSE,Biden,140,50,38,3,70,1,25,4,2,0
87295,Pennsylvania,712,Bullfinch,2024-06-19,rv,Unknown,None,FALSE,Biden,360,50,42,19,13,2,25,4,2,0
87219,Arizona,540,North Star Opinion Research,2024-06-20,lv,Live Phone,None,FALSE,Biden,252,51,3,11,62,1,9,4,2,0
87222,Maryland,546,PPP,2024-06-20,v,IVR/Text,None,FALSE,Biden,356,51,22,10,65,3,7,4,2,0
87239,Georgia,803,U. Georgia SPIA,2024-06-20,lv,Unknown,None,FALSE,Biden,376,51,11,16,95,1,25,4,2,0
87248,Wisconsin,784,Marquette Law School,2024-06-20,lv,Live Phone/Email,None,FALSE,Biden,400,51,53,10,54,1,10,4,2,0
87251,Texas,847,University of Texas at Tyler,2024-06-20,lv,Live Phone/Online Panel,None,FALSE,Biden,400,51,47,40,99,1,11,4,2,0
87256,Arizona,540,P2 Insights,2024-06-20,lv,Live Phone/Text-to-Web,REP,FALSE,Biden,234,51,3,11,63,1,14,2,2,0
87257,Georgia,519,P2 Insights,2024-06-20,lv,Live Phone/Text-to-Web,REP,FALSE,Biden,227,51,11,16,63,1,14,2,2,0
87258,Michigan,540,P2 Insights,2024-06-20,lv,Live Phone/Text-to-Web,REP,FALSE,Biden,260,51,24,15,63,1,14,2,2,0
87259,Nevada,500,P2 Insights,2024-06-20,lv,Live Phone/Text-to-Web,REP,FALSE,Biden,240,51,32,6,63,1,14,2,2,0
87260,Wisconsin,565,P2 Insights,2024-06-20,lv,Live Phone/Text-to-Web,REP,FALSE,Biden,273,51,53,10,63,1,14,2,2,0
87378,National,932,Clarity,2024-06-20,lv,Online Panel,None,FALSE,Biden,471,51,55,0,18,1,18,4,2,0
87220,National,2029,ActiVote,2024-06-21,lv,App Panel,None,FALSE,Biden,982,52,55,0,4,1,1,4,2,0
87221,National,1859,YouGov,2024-06-21,lv,Online Panel,None,FALSE,Biden,920,52,55,0,101,1,18,4,2,0
87246,National,738,Leger,2024-06-24,lv,Online Panel,None,FALSE,Biden,378,55,55,0,49,1,18,4,2,0
87247,National,1320,Quinnipiac,2024-06-24,rv,Live Phone,None,FALSE,Biden,632,55,55,0,73,2,9,4,2,0
87250,National,900,McLaughlin,2024-06-24,lv,Unknown,None,FALSE,Biden,440,55,55,0,56,1,25,4,2,0
87250,National,890,McLaughlin,2024-06-24,lv,Unknown,None,FALSE,Harris,420,55,55,0,56,1,25,4,1,1
87280,National,1620,McLaughlin,2024-06-24,lv,Online Panel,REP,FALSE,Biden,795,55,55,0,56,1,18,2,2,0
87281,New Mexico,576,1892 Polling,2024-06-24,lv,Unknown,REP,FALSE,Biden,294,55,35,5,1,1,25,2,2,0
87334,Colorado,720,Global Strategy Group,2024-06-24,rv,Live Phone/Online Panel,DEM,FALSE,Biden,400,55,6,10,33,2,11,1,2,0
87244,National,1182,YouGov,2024-06-25,rv,Online Panel,None,FALSE,Biden,591,56,55,0,101,2,18,4,2,0
87249,National,1127,Siena/NYT,2024-06-25,lv,Live Phone,None,FALSE,Biden,539,56,55,0,81,1,9,4,2,0
87274,Montana,560,Torchlight Strategies,2024-06-26,rv,IVR/Live Phone/Text-to-Web,REP,FALSE,Biden,228,57,28,4,94,2,4,2,2,0
87277,Michigan,564,EPIC/MRA,2024-06-26,lv,Live Phone,None,FALSE,Biden,270,57,24,15,21,1,9,4,2,0
87356,National,4831,PureSpectrum,2024-06-26,a,Online Panel,None,FALSE,Biden,2196,57,55,0,71,4,18,4,2,0
87270,New Jersey,656,co/efficient,2024-06-27,lv,IVR/Text,None,FALSE,Biden,324,58,34,14,104,1,7,4,2,0
87307,Texas,558,Manhattan Institute,2024-06-27,lv,Live Phone/Text-to-Web,None,FALSE,Biden,246,58,47,40,52,1,14,4,2,0
87324,National,510,SoCal Research,2024-06-27,rv,Online Ad,None,FALSE,Biden,246,58,55,0,83,2,17,4,2,0
87391,National,3416,Lord Ashcroft Polls,2024-06-27,rv,Online Panel,None,FALSE,Biden,1749,58,55,0,50,2,18,4,2,0
87271,National,698,Leger,2024-06-28,lv,Online Panel,None,FALSE,Biden,320,59,55,0,49,1,18,4,2,0
87272,National,2037,SurveyUSA,2024-06-28,lv,Online Panel,None,FALSE,Biden,995,59,55,0,89,1,18,4,2,0
87276,National,940,Data for Progress,2024-06-28,lv,Online Panel,None,FALSE,Biden,455,59,55,0,20,1,18,4,2,0
87276,National,940,Data for Progress,2024-06-28,lv,Online Panel,None,FALSE,Harris,455,59,55,0,20,1,18,4,1,1
87279,National,1402,AtlasIntel,2024-06-28,rv,Online Ad,None,FALSE,Biden,659,59,55,0,7,2,17,4,2,0
87283,Pennsylvania,738,Cygnal,2024-06-28,lv,Unknown,None,FALSE,Biden,352,59,42,19,19,1,25,4,2,0
87290,National,1045,TIPP,2024-06-28,rv,Online Panel,None,FALSE,Biden,535,59,55,0,91,2,18,4,2,0
87278,National,873,Patriot Polling,2024-06-29,rv,IVR/Text-to-Web,None,FALSE,Biden,417,60,55,0,66,2,8,4,2,0
87282,New Hampshire,1501,St. Anselm,2024-06-29,rv,Text-to-Web,None,FALSE,Biden,733,60,33,4,86,2,23,4,2,0
87286,National,2090,HarrisX/Harris Poll,2024-06-30,rv,Online Panel,None,FALSE,Biden,1003,61,55,0,35,2,18,4,2,0
87291,National,789,Suffolk,2024-06-30,rv,Live Phone,None,FALSE,Biden,375,61,55,0,87,2,9,4,2,0
87294,National,1172,CNN/SSRS,2024-06-30,rv,Probability Panel,None,FALSE,Biden,548,61,55,0,14,2,21,4,2,0
87294,National,1172,CNN/SSRS,2024-06-30,rv,Probability Panel,None,FALSE,Harris,573,61,55,0,14,2,21,4,1,1
87301,National,782,Florida Atlantic University/Mainstreet Research,2024-06-30,lv,IVR/Online Panel,None,FALSE,Biden,382,61,55,0,30,1,5,4,2,0
87304,National,1500,HarrisX,2024-06-30,rv,Online Panel,None,FALSE,Biden,720,61,55,0,34,2,18,4,2,0
87304,National,1500,HarrisX,2024-06-30,rv,Online Panel,None,FALSE,Harris,705,61,55,0,34,2,18,4,1,1
87341,Pennsylvania,645,1983 Labs,2024-06-30,lv,Online Panel,None,FALSE,Biden,304,61,42,19,2,1,18,4,2,0
87342,Michigan,484,1983 Labs,2024-06-30,lv,Online Panel,None,FALSE,Biden,231,61,24,15,2,1,18,4,2,0
87343,Arizona,398,1983 Labs,2024-06-30,lv,Online Panel,None,FALSE,Biden,162,61,3,11,2,1,18,4,2,0
87354,National,599,Big Village,2024-06-30,lv,Online Panel,None,FALSE,Biden,298,61,55,0,12,1,18,4,2,0
87298,National,1082,YouGov,2024-07-01,rv,Online Panel,None,FALSE,Harris,529,62,55,0,101,2,18,4,1,1
87306,Nevada,719,National Public Affairs,2024-07-01,lv,Unknown,None,FALSE,Biden,319,62,32,6,59,1,25,4,2,0
87326,Arizona,581,Remington,2024-07-01,lv,Unknown,REP,FALSE,Biden,268,62,3,11,76,1,25,2,2,0
87327,Michigan,508,Remington,2024-07-01,lv,Unknown,REP,FALSE,Biden,245,62,24,15,76,1,25,2,2,0
87328,Montana,524,Remington,2024-07-01,lv,Unknown,REP,FALSE,Biden,205,62,28,4,76,1,25,2,2,0
87329,Nevada,522,Remington,2024-07-01,lv,Unknown,REP,FALSE,Biden,240,62,32,6,76,1,25,2,2,0
87330,Ohio,563,Remington,2024-07-01,lv,Unknown,REP,FALSE,Biden,251,62,39,17,76,1,25,2,2,0
87331,Pennsylvania,612,Remington,2024-07-01,lv,Unknown,REP,FALSE,Biden,289,62,42,19,76,1,25,2,2,0
87332,Texas,519,Remington,2024-07-01,lv,Unknown,REP,FALSE,Biden,230,62,47,40,76,1,25,2,2,0
87333,Wisconsin,546,Remington,2024-07-01,lv,Unknown,REP,FALSE,Biden,255,62,53,10,76,1,25,2,2,0
87368,Texas,1321,YouGov,2024-07-01,lv,Online Panel,None,FALSE,Biden,594,62,47,40,101,1,18,4,2,0
87398,Tennessee,827,Targoz Market Research,2024-07-01,lv,Unknown,None,FALSE,Biden,269,62,46,11,92,1,25,4,2,0
87297,National,714,Ipsos,2024-07-02,rv,Probability Panel,None,FALSE,Biden,357,63,55,0,42,2,21,4,2,0
87297,National,759,Ipsos,2024-07-02,rv,Probability Panel,None,FALSE,Harris,375,63,55,0,42,2,21,4,1,1
87299,National,2759,YouGov,2024-07-02,lv,Online Panel,None,FALSE,Biden,1351,63,55,0,101,1,18,4,2,0
87300,National,1142,YouGov,2024-07-02,rv,Online Panel,None,FALSE,Biden,557,63,55,0,101,2,18,4,2,0
87302,National,1410,Siena/NYT,2024-07-02,lv,Live Phone,None,FALSE,Biden,659,63,55,0,81,1,9,4,2,0
87303,National,1350,Fabrizio/GBAO,2024-07-02,rv,Live Phone/Text-to-Web,None,FALSE,Biden,630,63,55,0,28,2,14,4,2,0
87315,National,1369,Cygnal,2024-07-02,lv,Unknown,None,FALSE,Biden,646,63,55,0,19,1,25,4,2,0
87325,Wisconsin,427,SoCal Research,2024-07-02,rv,Online Ad,None,FALSE,Biden,211,63,53,10,83,2,17,4,2,0
87335,Pennsylvania,910,Emerson,2024-07-02,rv,Unknown,DEM,FALSE,Biden,430,63,42,19,26,2,25,1,2,0
87336,Georgia,890,Emerson,2024-07-02,rv,Unknown,DEM,FALSE,Biden,420,63,11,16,26,2,25,1,2,0
87337,Michigan,890,Emerson,2024-07-02,rv,Unknown,DEM,FALSE,Biden,440,63,24,15,26,2,25,1,2,0
87338,Arizona,880,Emerson,2024-07-02,rv,Unknown,DEM,FALSE,Biden,420,63,3,11,26,2,25,1,2,0
87339,Wisconsin,910,Emerson,2024-07-02,rv,Unknown,DEM,FALSE,Biden,440,63,53,10,26,2,25,1,2,0
87340,Nevada,880,Emerson,2024-07-02,rv,Unknown,DEM,FALSE,Biden,410,63,32,6,26,2,25,1,2,0
87360,Wisconsin,570,Fabrizio/Impact,2024-07-02,lv,Live Phone/Text-to-Web,None,FALSE,Biden,270,63,53,10,29,1,14,4,2,0
87452,California,1072,PPIC,2024-07-02,lv,Probability Panel,None,FALSE,Biden,694,63,5,54,64,1,21,4,2,0
87314,National,890,J.L. Partners,2024-07-03,lv,Live Phone/Text-to-Web/Online Ad,None,FALSE,Biden,420,64,55,0,44,1,15,4,2,0
87314,National,870,J.L. Partners,2024-07-03,lv,Live Phone/Text-to-Web/Online Ad,None,FALSE,Harris,380,64,55,0,44,1,15,4,1,1
87366,National,1922,Split Ticket/Data for Progress,2024-07-03,lv,Online Panel,None,FALSE,Biden,971,64,55,0,84,1,18,4,2,0
87366,National,1902,Split Ticket/Data for Progress,2024-07-03,lv,Online Panel,None,FALSE,Harris,951,64,55,0,84,1,18,4,1,1
87416,Virginia,571,Virginia Commonwealth U.,2024-07-03,rv,Live Phone,None,FALSE,Biden,280,64,50,13,100,2,9,4,2,0
87317,Georgia,734,Morning Consult,2024-07-04,rv,Online Panel,None,FALSE,Biden,363,65,11,16,58,2,18,4,2,0
87319,North Carolina,619,Morning Consult,2024-07-04,rv,Online Panel,None,FALSE,Biden,299,65,37,16,58,2,18,4,2,0
87320,Nevada,420,Morning Consult,2024-07-04,rv,Online Panel,None,FALSE,Biden,203,65,32,6,58,2,18,4,2,0
87321,Pennsylvania,754,Morning Consult,2024-07-04,rv,Online Panel,None,FALSE,Biden,349,65,42,19,58,2,18,4,2,0
87355,National,4030,PureSpectrum,2024-07-04,a,Online Panel,None,FALSE,Biden,1922,65,55,0,71,4,18,4,2,0
87316,Arizona,726,Morning Consult,2024-07-05,rv,Online Panel,None,FALSE,Biden,351,66,3,11,58,2,18,4,2,0
87318,Michigan,631,Morning Consult,2024-07-05,rv,Online Panel,None,FALSE,Biden,333,66,24,15,58,2,18,4,2,0
87322,Wisconsin,633,Morning Consult,2024-07-05,rv,Online Panel,None,FALSE,Biden,327,66,53,10,58,2,18,4,2,0
87358,National,850,Bendixen & Amandi International,2024-07-06,lv,Live Phone/Online Panel,None,FALSE,Biden,420,67,55,0,9,1,11,4,2,0
87358,National,830,Bendixen & Amandi International,2024-07-06,lv,Live Phone/Online Panel,None,FALSE,Harris,420,67,55,0,9,1,11,4,1,1
87375,National,7497,Pew,2024-07-07,rv,Probability Panel,None,FALSE,Biden,3633,68,55,0,67,2,21,4,2,0
87392,National,3739,Lord Ashcroft Polls,2024-07-07,rv,Online Panel,None,FALSE,Biden,1913,68,55,0,50,2,18,4,2,0
87508,National,1755,Change Research,2024-07-07,lv,Unknown,None,FALSE,Biden,823,68,55,0,15,1,25,4,2,0
87361,National,1370,Emerson,2024-07-08,rv,IVR/Online Panel/Text-to-Web,None,FALSE,Biden,682,69,55,0,26,2,6,4,2,0
87361,National,1257,Emerson,2024-07-08,rv,IVR/Online Panel/Text-to-Web,None,FALSE,Harris,586,69,55,0,26,2,6,4,1,1
87364,National,935,Redfield & Wilton Strategies,2024-07-08,lv,Online Panel,None,FALSE,Biden,462,69,55,0,75,1,18,4,2,0
87364,National,891,Redfield & Wilton Strategies,2024-07-08,lv,Online Panel,None,FALSE,Harris,407,69,55,0,75,1,18,4,1,1
87601,Arizona,552,Echelon Insights,2024-07-08,lv,Online Panel,None,FALSE,Biden,264,69,3,11,23,1,18,4,2,0
87602,Georgia,572,Echelon Insights,2024-07-08,lv,Online Panel,None,FALSE,Biden,274,69,11,16,23,1,18,4,2,0
87603,Michigan,564,Echelon Insights,2024-07-08,lv,Online Panel,None,FALSE,Biden,273,69,24,15,23,1,18,4,2,0
87604,North Carolina,561,Echelon Insights,2024-07-08,lv,Online Panel,None,FALSE,Biden,274,69,37,16,23,1,18,4,2,0
87605,Pennsylvania,582,Echelon Insights,2024-07-08,lv,Online Panel,None,FALSE,Biden,294,69,42,19,23,1,18,4,2,0
87606,Wisconsin,568,Echelon Insights,2024-07-08,lv,Online Panel,None,FALSE,Biden,278,69,53,10,23,1,18,4,2,0
87607,Nevada,366,Echelon Insights,2024-07-08,lv,Online Panel,None,FALSE,Biden,165,69,32,6,23,1,18,4,2,0
87363,National,1197,YouGov,2024-07-09,rv,Online Panel,None,FALSE,Biden,577,70,55,0,101,2,18,4,2,0
87363,National,1154,YouGov,2024-07-09,rv,Online Panel,None,FALSE,Harris,548,70,55,0,101,2,18,4,1,1
87367,National,1878,Ipsos,2024-07-09,rv,Probability Panel,None,FALSE,Biden,939,70,55,0,42,2,21,4,2,0
87367,National,1959,Ipsos,2024-07-09,rv,Probability Panel,None,FALSE,Harris,1000,70,55,0,42,2,21,4,1,1
87394,National,704,Hart/POS,2024-07-09,rv,Live Phone,None,FALSE,Biden,344,70,55,0,36,2,9,4,2,0
87394,National,736,Hart/POS,2024-07-09,rv,Live Phone,None,FALSE,Harris,360,70,55,0,36,2,9,4,1,1
87414,Iowa,544,Cygnal,2024-07-09,lv,Online Panel/Text-to-Web,REP,FALSE,Biden,236,70,16,6,19,1,20,2,2,0
87377,National,1151,Marist,2024-07-10,rv,Live Phone/Online Panel,None,FALSE,Biden,587,71,55,0,53,2,11,4,2,0
87377,National,1162,Marist,2024-07-10,rv,Live Phone/Online Panel,None,FALSE,Harris,587,71,55,0,53,2,11,4,1,1
87380,Wisconsin,540,North Star Opinion Research,2024-07-10,lv,Live Phone,None,FALSE,Biden,264,71,53,10,62,1,9,4,2,0
87380,Wisconsin,570,North Star Opinion Research,2024-07-10,lv,Live Phone,None,FALSE,Harris,282,71,53,10,62,1,9,4,1,1
87393,National,1174,Beacon/Shaw,2024-07-10,rv,Live Phone/Text-to-Web,None,FALSE,Biden,581,71,55,0,8,2,14,4,2,0
87393,National,1174,Beacon/Shaw,2024-07-10,rv,Live Phone/Text-to-Web,None,FALSE,Harris,581,71,55,0,8,2,14,4,1,1
87417,Arizona,343,Redfield & Wilton Strategies,2024-07-10,lv,Online Panel,None,FALSE,Biden,163,71,3,11,75,1,18,4,2,0
87418,Florida,400,Redfield & Wilton Strategies,2024-07-10,lv,Online Panel,None,FALSE,Biden,191,71,10,30,75,1,18,4,2,0
87419,Georgia,372,Redfield & Wilton Strategies,2024-07-10,lv,Online Panel,None,FALSE,Biden,173,71,11,16,75,1,18,4,2,0
87420,Michigan,395,Redfield & Wilton Strategies,2024-07-10,lv,Online Panel,None,FALSE,Biden,200,71,24,15,75,1,18,4,2,0
87421,North Carolina,361,Redfield & Wilton Strategies,2024-07-10,lv,Online Panel,None,FALSE,Biden,176,71,37,16,75,1,18,4,2,0
87422,Pennsylvania,612,Redfield & Wilton Strategies,2024-07-10,lv,Online Panel,None,FALSE,Biden,288,71,42,19,75,1,18,4,2,0
87369,Virginia,910,SoCal Research,2024-07-11,a,Online Ad,None,FALSE,Biden,470,72,50,13,83,4,17,4,2,0
87369,Virginia,940,SoCal Research,2024-07-11,a,Online Ad,None,FALSE,Harris,470,72,50,13,83,4,17,4,1,1
87395,National,2043,Noble Predictive Insights,2024-07-11,lv,Online Panel/Text-to-Web,None,FALSE,Biden,987,72,55,0,61,1,20,4,2,0
87395,National,2112,Noble Predictive Insights,2024-07-11,lv,Online Panel/Text-to-Web,None,FALSE,Harris,1010,72,55,0,61,1,20,4,1,1
87403,Pennsylvania,811,Siena/NYT,2024-07-11,lv,Live Phone,None,FALSE,Biden,392,72,42,19,81,1,9,4,2,0
87403,Pennsylvania,829,Siena/NYT,2024-07-11,lv,Live Phone,None,FALSE,Harris,410,72,42,19,81,1,9,4,1,1
87469,Arizona,441,J.L. Partners,2024-07-11,lv,Unknown,REP,FALSE,Biden,205,72,3,11,44,1,25,2,2,0
87487,Nebraska,593,Torchlight Strategies,2024-07-11,lv,Live Phone/Text-to-Web,REP,FALSE,Biden,230,72,56,2,94,1,14,2,2,0
87488,Nebraska CD-2,252,Torchlight Strategies,2024-07-11,lv,Live Phone/Text-to-Web,REP,FALSE,Biden,126,72,30,1,94,1,14,2,2,0
87512,Arizona,560,PPP,2024-07-11,rv,IVR/Text,DEM,FALSE,Biden,256,72,3,11,65,2,7,1,2,0
87512,Arizona,572,PPP,2024-07-11,rv,IVR/Text,DEM,FALSE,Harris,262,72,3,11,65,2,7,1,1,1
87515,Wisconsin,516,PPP,2024-07-11,rv,IVR/Text,DEM,FALSE,Biden,258,72,53,10,65,2,7,1,2,0
87515,Wisconsin,532,PPP,2024-07-11,rv,IVR/Text,DEM,FALSE,Harris,263,72,53,10,65,2,7,1,1,1
87404,Virginia,614,Siena/NYT,2024-07-12,lv,Live Phone,None,FALSE,Biden,317,73,50,13,81,1,9,4,2,0
87404,Virginia,615,Siena/NYT,2024-07-12,lv,Live Phone,None,FALSE,Harris,324,73,50,13,81,1,9,4,1,1
87438,Wisconsin,607,PPP,2024-07-12,v,IVR/Text,DEM,FALSE,Biden,307,73,53,10,65,3,7,1,2,0
87513,Michigan,528,PPP,2024-07-12,rv,IVR/Text,DEM,FALSE,Biden,261,73,24,15,65,2,7,1,2,0
87513,Michigan,534,PPP,2024-07-12,rv,IVR/Text,DEM,FALSE,Harris,261,73,24,15,65,2,7,1,1,1
87514,Pennsylvania,488,PPP,2024-07-12,rv,IVR/Text,DEM,FALSE,Biden,236,73,42,19,65,2,7,1,2,0
87514,Pennsylvania,516,PPP,2024-07-12,rv,IVR/Text,DEM,FALSE,Harris,242,73,42,19,65,2,7,1,1,1
87399,Michigan,450,MRG (Marketing Resource Group),2024-07-13,rv,Unknown,None,FALSE,Biden,216,74,24,15,51,2,25,4,2,0
87430,Washington,609,SurveyUSA,2024-07-13,lv,Online Panel,None,FALSE,Biden,354,74,51,12,89,1,18,4,2,0
87430,Washington,616,SurveyUSA,2024-07-13,lv,Online Panel,None,FALSE,Harris,361,74,51,12,89,1,18,4,1,1
87436,National,1953,Manhattan Institute,2024-07-13,lv,Online Panel/Text-to-Web,None,FALSE,Biden,945,74,55,0,52,1,20,4,2,0
87436,National,1974,Manhattan Institute,2024-07-13,lv,Online Panel/Text-to-Web,None,FALSE,Harris,966,74,55,0,52,1,20,4,1,1
87440,Virginia,484,Florida Atlantic University/Mainstreet Research,2024-07-13,lv,IVR/Online Panel,None,FALSE,Biden,256,74,50,13,30,1,5,4,2,0
87440,Virginia,478,Florida Atlantic University/Mainstreet Research,2024-07-13,lv,IVR/Online Panel,None,FALSE,Harris,250,74,50,13,30,1,5,4,1,1
87441,Georgia,505,Florida Atlantic University/Mainstreet Research,2024-07-13,lv,IVR/Online Panel,None,FALSE,Biden,236,74,11,16,30,1,5,4,2,0
87441,Georgia,505,Florida Atlantic University/Mainstreet Research,2024-07-13,lv,IVR/Online Panel,None,FALSE,Harris,236,74,11,16,30,1,5,4,1,1
87402,National,2166,3W Insights,2024-07-14,lv,Online Panel,DEM,FALSE,Biden,1038,75,55,0,3,1,18,1,2,0
87432,National,1225,Big Village,2024-07-14,lv,Online Panel,None,FALSE,Biden,613,75,55,0,12,1,18,4,2,0
87432,National,1183,Big Village,2024-07-14,lv,Online Panel,None,FALSE,Harris,559,75,55,0,12,1,18,4,1,1
87423,National,1861,Morning Consult,2024-07-15,rv,Online Panel,None,FALSE,Harris,920,76,55,0,58,2,18,4,1,1
87431,National,2228,Redfield & Wilton Strategies,2024-07-15,lv,Online Panel,None,FALSE,Biden,1101,76,55,0,75,1,18,4,2,0
87434,National,1000,ActiVote,2024-07-15,lv,App Panel,None,FALSE,Biden,495,76,55,0,4,1,1,4,2,0
87435,National,1918,HarrisX,2024-07-15,rv,Online Panel,None,FALSE,Biden,940,76,55,0,34,2,18,4,2,0
87435,National,1918,HarrisX,2024-07-15,rv,Online Panel,None,FALSE,Harris,921,76,55,0,34,2,18,4,1,1
87449,National,955,SurveyUSA,2024-07-15,lv,Online Panel,None,FALSE,Biden,472,76,55,0,89,1,18,4,2,0
87449,National,955,SurveyUSA,2024-07-15,lv,Online Panel,None,FALSE,Harris,461,76,55,0,89,1,18,4,1,1
87468,Virginia,1000,Emerson,2024-07-15,rv,IVR/Online Panel/Text-to-Web,None,FALSE,Biden,496,76,50,13,26,2,6,4,2,0
87468,Virginia,912,Emerson,2024-07-15,rv,IVR/Online Panel/Text-to-Web,None,FALSE,Harris,445,76,50,13,26,2,6,4,1,1
87471,Georgia,290,Florida Atlantic University/Mainstreet Research,2024-07-15,lv,IVR/Online Panel,None,FALSE,Biden,137,76,11,16,30,1,5,4,2,0
87471,Georgia,290,Florida Atlantic University/Mainstreet Research,2024-07-15,lv,IVR/Online Panel,None,FALSE,Harris,137,76,11,16,30,1,5,4,1,1
87473,Virginia,234,Florida Atlantic University/Mainstreet Research,2024-07-15,lv,IVR/Online Panel,None,FALSE,Biden,117,76,50,13,30,1,5,4,2,0
87473,Virginia,239,Florida Atlantic University/Mainstreet Research,2024-07-15,lv,IVR/Online Panel,None,FALSE,Harris,114,76,50,13,30,1,5,4,1,1
87429,Georgia,730,InsiderAdvantage,2024-07-16,lv,Unknown,None,FALSE,Biden,352,77,11,16,41,1,25,4,2,0
87429,Georgia,671,InsiderAdvantage,2024-07-16,lv,Unknown,None,FALSE,Harris,294,77,11,16,41,1,25,4,1,1
87433,National,834,Ipsos,2024-07-16,rv,Probability Panel,None,FALSE,Biden,407,77,55,0,42,2,21,4,2,0
87433,National,872,Ipsos,2024-07-16,rv,Probability Panel,None,FALSE,Harris,436,77,55,0,42,2,21,4,1,1
87437,National,1180,YouGov,2024-07-16,rv,Online Panel,None,FALSE,Biden,576,77,55,0,101,2,18,4,2,0
87437,National,1166,YouGov,2024-07-16,rv,Online Panel,None,FALSE,Harris,548,77,55,0,101,2,18,4,1,1
87451,National,1756,Emerson,2024-07-16,rv,IVR/Online Panel/Text-to-Web,DEM,FALSE,Biden,832,77,55,0,26,2,6,1,2,0
87453,Arizona,872,Emerson,2024-07-16,rv,IVR/Online Panel/Text-to-Web,DEM,FALSE,Biden,403,77,3,11,26,2,6,1,2,0
87454,Georgia,883,Emerson,2024-07-16,rv,IVR/Online Panel/Text-to-Web,DEM,FALSE,Biden,410,77,11,16,26,2,6,1,2,0
87455,Michigan,872,Emerson,2024-07-16,rv,IVR/Online Panel/Text-to-Web,DEM,FALSE,Biden,421,77,24,15,26,2,6,1,2,0
87456,Nevada,865,Emerson,2024-07-16,rv,IVR/Online Panel/Text-to-Web,DEM,FALSE,Biden,409,77,32,6,26,2,6,1,2,0
87457,North Carolina,884,Emerson,2024-07-16,rv,IVR/Online Panel/Text-to-Web,DEM,FALSE,Biden,407,77,37,16,26,2,6,1,2,0
87458,Pennsylvania,903,Emerson,2024-07-16,rv,IVR/Online Panel/Text-to-Web,DEM,FALSE,Biden,427,77,42,19,26,2,6,1,2,0
87459,Wisconsin,910,Emerson,2024-07-16,rv,IVR/Online Panel/Text-to-Web,DEM,FALSE,Biden,434,77,53,10,26,2,6,1,2,0
87467,Florida,748,InsiderAdvantage,2024-07-16,lv,Unknown,None,FALSE,Biden,350,77,10,30,41,1,25,4,2,0
87467,Florida,706,InsiderAdvantage,2024-07-16,lv,Unknown,None,FALSE,Harris,312,77,10,30,41,1,25,4,1,1
87475,Pennsylvania,752,InsiderAdvantage,2024-07-16,lv,Unknown,None,FALSE,Biden,360,77,42,19,41,1,25,4,2,0
87475,Pennsylvania,696,InsiderAdvantage,2024-07-16,lv,Unknown,None,FALSE,Harris,320,77,42,19,41,1,25,4,1,1
87476,Nevada,728,InsiderAdvantage,2024-07-16,lv,Unknown,None,FALSE,Biden,336,77,32,6,41,1,25,4,2,0
87476,Nevada,720,InsiderAdvantage,2024-07-16,lv,Unknown,None,FALSE,Harris,320,77,32,6,41,1,25,4,1,1
87477,Arizona,744,InsiderAdvantage,2024-07-16,lv,Unknown,None,FALSE,Biden,352,77,3,11,41,1,25,4,2,0
87477,Arizona,720,InsiderAdvantage,2024-07-16,lv,Unknown,None,FALSE,Harris,336,77,3,11,41,1,25,4,1,1
87492,Pennsylvania,472,Civiqs,2024-07-16,rv,Online Panel/Online Ad,DEM,FALSE,Biden,225,77,42,19,17,2,19,1,2,0
87492,Pennsylvania,483,Civiqs,2024-07-16,rv,Online Panel/Online Ad,DEM,FALSE,Harris,236,77,42,19,17,2,19,1,1,1
87493,Wisconsin,484,Civiqs,2024-07-16,rv,Online Panel/Online Ad,DEM,FALSE,Biden,242,77,53,10,17,2,19,1,2,0
87493,Wisconsin,494,Civiqs,2024-07-16,rv,Online Panel/Online Ad,DEM,FALSE,Harris,247,77,53,10,17,2,19,1,1,1
87494,Michigan,474,Civiqs,2024-07-16,rv,Online Panel/Online Ad,DEM,FALSE,Biden,229,77,24,15,17,2,19,1,2,0
87494,Michigan,490,Civiqs,2024-07-16,rv,Online Panel/Online Ad,DEM,FALSE,Harris,245,77,24,15,17,2,19,1,1,1
87478,National,8284,Morning Consult,2024-07-17,rv,Online Panel,None,FALSE,Biden,3954,78,55,0,58,2,18,4,2,0
87481,National,768,SoCal Research,2024-07-17,lv,Online Ad,None,FALSE,Biden,360,78,55,0,83,1,17,4,2,0
87481,National,768,SoCal Research,2024-07-17,lv,Online Ad,None,FALSE,Harris,352,78,55,0,83,1,17,4,1,1
87482,National,2644,RMG Research,2024-07-17,lv,Unknown,None,FALSE,Biden,1254,78,55,0,74,1,25,4,2,0
87495,National,2162,3W Insights,2024-07-17,lv,Online Panel,DEM,FALSE,Biden,1033,78,55,0,3,1,18,1,2,0
87500,Michigan,546,EPIC/MRA,2024-07-17,rv,Unknown,None,FALSE,Biden,252,78,24,15,21,2,25,4,2,0
87483,National,2217,YouGov,2024-07-18,lv,Online Panel,None,FALSE,Harris,1075,79,55,0,101,1,18,4,1,1
87483,National,2218,YouGov,2024-07-18,lv,Online Panel,None,FALSE,Biden,1053,79,55,0,101,1,18,4,2,0
87485,Pennsylvania,581,PPP,2024-07-18,rv,IVR/Text,DEM,FALSE,Biden,275,79,42,19,65,2,7,1,2,0
87485,Pennsylvania,549,PPP,2024-07-18,rv,IVR/Text,DEM,FALSE,Harris,268,79,42,19,65,2,7,1,1,1
87486,Michigan,617,PPP,2024-07-18,rv,IVR/Text,DEM,FALSE,Biden,299,79,24,15,65,2,7,1,2,0
87486,Michigan,565,PPP,2024-07-18,rv,IVR/Text,DEM,FALSE,Harris,266,79,24,15,65,2,7,1,1,1
87491,Massachusetts,381,Suffolk,2024-07-18,rv,Live Phone,None,FALSE,Biden,236,79,23,11,87,2,9,4,2,0
87496,New York,465,SoCal Research,2024-07-18,lv,Online Ad,None,FALSE,Biden,260,79,36,28,83,1,17,4,2,0
87496,New York,465,SoCal Research,2024-07-18,lv,Online Ad,None,FALSE,Harris,260,79,36,28,83,1,17,4,1,1
87498,Nevada,350,Redfield & Wilton Strategies,2024-07-18,lv,Online Panel,None,FALSE,Biden,169,79,32,6,75,1,18,4,2,0
87499,Pennsylvania,592,Redfield & Wilton Strategies,2024-07-18,lv,Online Panel,None,FALSE,Biden,282,79,42,19,75,1,18,4,2,0
87501,Texas,400,ActiVote,2024-07-18,lv,App Panel,None,FALSE,Biden,182,79,47,40,4,1,1,4,2,0
87502,North Carolina,387,Redfield & Wilton Strategies,2024-07-18,lv,Online Panel,None,FALSE,Biden,180,79,37,16,75,1,18,4,2,0
87503,Arizona,382,Redfield & Wilton Strategies,2024-07-18,lv,Online Panel,None,FALSE,Biden,182,79,3,11,75,1,18,4,2,0
87504,Florida,401,Redfield & Wilton Strategies,2024-07-18,lv,Online Panel,None,FALSE,Biden,184,79,10,30,75,1,18,4,2,0
87505,Georgia,525,Redfield & Wilton Strategies,2024-07-18,lv,Online Panel,None,FALSE,Biden,247,79,11,16,75,1,18,4,2,0
87506,Michigan,363,Redfield & Wilton Strategies,2024-07-18,lv,Online Panel,None,FALSE,Biden,179,79,24,15,75,1,18,4,2,0
87507,Wisconsin,394,Redfield & Wilton Strategies,2024-07-18,lv,Online Panel,None,FALSE,Biden,197,79,53,10,75,1,18,4,2,0
87510,Georgia,931,U. Georgia SPIA,2024-07-18,lv,Live Phone,None,FALSE,Biden,448,79,11,16,95,1,9,4,2,0
87510,Georgia,964,U. Georgia SPIA,2024-07-18,lv,Live Phone,None,FALSE,Harris,459,79,11,16,95,1,9,4,1,1
87525,Arizona,692,PPP,2024-07-20,rv,IVR/Text,DEM,FALSE,Biden,324,81,3,11,65,2,7,1,2,0
87525,Arizona,633,PPP,2024-07-20,rv,IVR/Text,DEM,FALSE,Harris,294,81,3,11,65,2,7,1,1,1
87526,North Carolina,550,PPP,2024-07-20,rv,IVR/Text,DEM,FALSE,Biden,264,81,37,16,65,2,7,1,2,0
87526,North Carolina,527,PPP,2024-07-20,rv,IVR/Text,DEM,FALSE,Harris,252,81,37,16,65,2,7,1,1,1
87509,New Hampshire,476,Praecones Analytica,2024-07-21,rv,Unknown,None,FALSE,Biden,237,82,33,4,68,2,25,4,2,0
87509,New Hampshire,478,Praecones Analytica,2024-07-21,rv,Unknown,None,FALSE,Harris,236,82,33,4,68,2,25,4,1,1
87511,National,752,SoCal Research,2024-07-21,lv,Online Ad,None,FALSE,Harris,344,82,55,0,83,1,17,4,1,1
87518,Pennsylvania,480,SoCal Research,2024-07-21,lv,Online Ad,None,FALSE,Biden,230,82,42,19,83,1,17,4,2,0
87518,Pennsylvania,480,SoCal Research,2024-07-21,lv,Online Ad,None,FALSE,Harris,230,82,42,19,83,1,17,4,1,1
87520,National,952,Echelon Insights,2024-07-21,lv,Online Panel,None,FALSE,Biden,481,82,55,0,23,1,18,4,2,0
87520,National,943,Echelon Insights,2024-07-21,lv,Online Panel,None,FALSE,Harris,462,82,55,0,23,1,18,4,1,1
87521,National,2169,HarrisX,2024-07-21,lv,Online Panel,None,FALSE,Biden,998,82,55,0,34,1,18,4,2,0
87521,National,2169,HarrisX,2024-07-21,lv,Online Panel,None,FALSE,Harris,998,82,55,0,34,1,18,4,1,1
87524,National,1169,Quinnipiac,2024-07-21,rv,Live Phone,None,FALSE,Biden,566,82,55,0,73,2,9,4,2,0
87524,National,1207,Quinnipiac,2024-07-21,rv,Live Phone,None,FALSE,Harris,591,82,55,0,73,2,9,4,1,1
87528,National,641,Florida Atlantic University/Mainstreet Research,2024-07-21,lv,IVR/Online Panel,None,FALSE,Biden,293,82,55,0,30,1,5,4,2,0
87528,National,658,Florida Atlantic University/Mainstreet Research,2024-07-21,lv,IVR/Online Panel,None,FALSE,Harris,310,82,55,0,30,1,5,4,1,1
87532,National,896,Bullfinch,2024-07-21,rv,Online Panel,None,FALSE,Biden,422,82,55,0,13,2,18,4,2,0
87523,National,3680,Morning Consult,2024-07-22,rv,Online Panel,None,FALSE,Harris,1800,83,55,0,58,2,18,4,1,1
87529,National,1004,YouGov,2024-07-22,rv,Online Panel,None,FALSE,Biden,502,83,55,0,101,2,18,4,2,0
87531,National,1017,Marist,2024-07-22,rv,Online Panel,None,TRUE,Harris,503,83,55,0,53,2,18,4,1,0
87534,Georgia,379,Landmark Communications,2024-07-22,lv,Unknown,None,TRUE,Harris,187,83,11,16,48,1,25,4,1,0
87530,National,876,Ipsos,2024-07-23,rv,Probability Panel,None,TRUE,Harris,448,84,55,0,42,2,21,4,1,0
87536,National,1219,YouGov,2024-07-23,rv,Online Panel,None,FALSE,Harris,588,84,55,0,101,2,18,4,1,1
87537,National,1000,ActiVote,2024-07-23,lv,App Panel,None,FALSE,Harris,495,84,55,0,4,1,1,4,1,1
87539,National,1880,RMG Research,2024-07-23,rv,Unknown,None,TRUE,Harris,920,84,55,0,74,2,25,4,1,0
87540,Pennsylvania,128,North Star Opinion Research,2024-07-23,lv,Live Phone,None,FALSE,Biden,57,84,42,19,62,1,9,4,2,0
87540,Pennsylvania,552,North Star Opinion Research,2024-07-23,lv,Live Phone,None,FALSE,Harris,270,84,42,19,62,1,9,4,1,1
87542,Arizona,800,Emerson,2024-07-23,rv,IVR/Online Panel/Text-to-Web,None,TRUE,Harris,379,84,3,11,26,2,6,4,1,0
87543,Georgia,800,Emerson,2024-07-23,rv,IVR/Online Panel/Text-to-Web,None,TRUE,Harris,391,84,11,16,26,2,6,4,1,0
87544,Michigan,800,Emerson,2024-07-23,rv,IVR/Online Panel/Text-to-Web,None,TRUE,Harris,393,84,24,15,26,2,6,4,1,0
87545,Wisconsin,845,Emerson,2024-07-23,rv,IVR/Online Panel/Text-to-Web,None,TRUE,Harris,428,84,53,10,26,2,6,4,1,0
87546,Pennsylvania,850,Emerson,2024-07-23,rv,IVR/Online Panel/Text-to-Web,None,TRUE,Harris,416,84,42,19,26,2,6,4,1,0
87555,National,1039,YouGov,2024-07-23,lv,Online Panel,None,TRUE,Harris,508,84,55,0,101,1,18,4,1,0
87541,National,1298,Big Village,2024-07-24,lv,Online Panel,None,TRUE,Harris,637,85,55,0,12,1,18,4,1,0
87553,National,1859,Change Research,2024-07-24,rv,Unknown,None,TRUE,Harris,940,85,55,0,15,2,25,4,1,0
87557,National,1085,Siena/NYT,2024-07-24,lv,Live Phone,None,TRUE,Harris,537,85,55,0,81,1,9,4,1,0
87561,National,4054,SurveyMonkey,2024-07-24,a,Online Panel,None,TRUE,Harris,2001,85,55,0,88,4,18,4,1,0
87562,Nevada,383,Redfield & Wilton Strategies,2024-07-24,lv,Online Panel,None,TRUE,Harris,187,85,32,6,75,1,18,4,1,0
87563,Pennsylvania,748,Redfield & Wilton Strategies,2024-07-24,lv,Online Panel,None,TRUE,Harris,357,85,42,19,75,1,18,4,1,0
87564,North Carolina,522,Redfield & Wilton Strategies,2024-07-24,lv,Online Panel,None,TRUE,Harris,252,85,37,16,75,1,18,4,1,0
87566,Arizona,454,Redfield & Wilton Strategies,2024-07-24,lv,Online Panel,None,TRUE,Harris,219,85,3,11,75,1,18,4,1,0
87567,Florida,492,Redfield & Wilton Strategies,2024-07-24,lv,Online Panel,None,TRUE,Harris,223,85,10,30,75,1,18,4,1,0
87568,Georgia,1051,Redfield & Wilton Strategies,2024-07-24,lv,Online Panel,None,TRUE,Harris,496,85,11,16,75,1,18,4,1,0
87569,Michigan,435,Redfield & Wilton Strategies,2024-07-24,lv,Online Panel,None,TRUE,Harris,210,85,24,15,75,1,18,4,1,0
87570,Minnesota,404,Redfield & Wilton Strategies,2024-07-24,lv,Online Panel,None,TRUE,Harris,209,85,25,10,75,1,18,4,1,0
87571,Wisconsin,460,Redfield & Wilton Strategies,2024-07-24,lv,Online Panel,None,TRUE,Harris,230,85,53,10,75,1,18,4,1,0
87572,Michigan,498,Glengariff Group Inc.,2024-07-24,lv,Live Phone,None,TRUE,Harris,250,85,24,15,32,1,9,4,1,0
87582,Wisconsin,1036,Beacon/Shaw,2024-07-24,rv,Live Phone/Text-to-Web,None,TRUE,Harris,513,85,53,10,8,2,14,4,1,0
87583,Pennsylvania,1014,Beacon/Shaw,2024-07-24,rv,Live Phone/Text-to-Web,None,TRUE,Harris,507,85,42,19,8,2,14,4,1,0
87584,Minnesota,1050,Beacon/Shaw,2024-07-24,rv,Live Phone/Text-to-Web,None,TRUE,Harris,557,85,25,10,8,2,14,4,1,0
87585,Michigan,992,Beacon/Shaw,2024-07-24,rv,Live Phone/Text-to-Web,None,TRUE,Harris,496,85,24,15,8,2,14,4,1,0
87558,Maine,1430,U. New Hampshire,2024-07-25,lv,Online Panel/Text-to-Web,None,TRUE,Harris,780,86,57,2,96,1,20,4,1,0
87559,New Hampshire,2846,U. New Hampshire,2024-07-25,lv,Online Panel/Text-to-Web,None,TRUE,Harris,1524,86,33,4,96,1,20,4,1,0
87560,New Hampshire,1959,St. Anselm,2024-07-25,rv,Online Panel,None,TRUE,Harris,1042,86,33,4,86,2,18,4,1,0
87575,Pennsylvania,760,Bullfinch,2024-07-25,rv,Unknown,None,TRUE,Harris,384,86,42,19,13,2,25,4,1,0
87576,Washington,523,PPP,2024-07-25,lv,IVR/Text-to-Web,DEM,TRUE,Harris,302,86,51,12,65,1,8,1,1,0
87579,National,2472,HarrisX,2024-07-25,lv,Online Panel,None,TRUE,Harris,1211,86,55,0,34,1,18,4,1,0
87580,National,960,Fabrizio/GBAO,2024-07-25,rv,Unknown,None,TRUE,Harris,470,86,55,0,28,2,25,4,1,0
87581,Minnesota,590,SurveyUSA,2024-07-25,lv,Online Panel,None,TRUE,Harris,328,86,25,10,89,1,18,4,1,0
87590,National,1942,AtlasIntel,2024-07-25,rv,Online Ad,None,TRUE,Harris,950,86,55,0,7,2,17,4,1,0
87592,National,1499,Angus Reid,2024-07-25,rv,Online Panel,None,TRUE,Harris,767,86,55,0,6,2,18,4,1,0
87614,National,940,Ipsos,2024-07-25,a,Probability Panel,None,TRUE,Harris,470,86,55,0,42,4,21,4,1,0
87577,Michigan,475,SoCal Research,2024-07-26,rv,Online Ad,REP,TRUE,Harris,230,87,24,15,83,2,17,2,1,0
87588,Georgia,486,SoCal Research,2024-07-26,rv,Online Ad,None,TRUE,Harris,234,87,11,16,83,2,17,4,1,0
87634,Oregon,651,Hoffman Research,2024-07-26,lv,Live Phone,None,TRUE,Harris,343,87,41,8,39,1,9,4,1,0
87659,National,946,Clarity,2024-07-26,lv,Online Panel,None,TRUE,Harris,478,87,55,0,18,1,18,4,1,0
87612,Florida,704,U. North Florida,2024-07-27,lv,Live Phone/Text-to-Web,None,TRUE,Harris,325,88,10,30,97,1,14,4,1,0
87617,National,895,Florida Atlantic University/Mainstreet Research,2024-07-27,lv,IVR/Online Panel,None,TRUE,Harris,457,88,55,0,30,1,5,4,1,0
87613,National,2196,HarrisX/Harris Poll,2024-07-28,rv,Online Panel,None,TRUE,Harris,1054,89,55,0,35,2,18,4,1,0
87618,Pennsylvania,540,Susquehanna,2024-07-28,lv,Unknown,None,TRUE,Harris,282,89,42,19,90,1,25,4,1,0
87621,Arizona,772,Morning Consult,2024-07-28,rv,Online Panel,None,TRUE,Harris,394,89,3,11,58,2,18,4,1,0
87622,Georgia,752,Morning Consult,2024-07-28,rv,Online Panel,None,TRUE,Harris,376,89,11,16,58,2,18,4,1,0
87623,Michigan,671,Morning Consult,2024-07-28,rv,Online Panel,None,TRUE,Harris,374,89,24,15,58,2,18,4,1,0
87624,Nevada,417,Morning Consult,2024-07-28,rv,Online Panel,None,TRUE,Harris,213,89,32,6,58,2,18,4,1,0
87625,North Carolina,664,Morning Consult,2024-07-28,rv,Online Panel,None,TRUE,Harris,325,89,37,16,58,2,18,4,1,0
87626,Pennsylvania,772,Morning Consult,2024-07-28,rv,Online Panel,None,TRUE,Harris,370,89,42,19,58,2,18,4,1,0
87627,Wisconsin,672,Morning Consult,2024-07-28,rv,Online Panel,None,TRUE,Harris,343,89,53,10,58,2,18,4,1,0
87630,National,745,Ipsos,2024-07-28,rv,Probability Panel,None,TRUE,Harris,377,89,55,0,42,2,21,4,1,0
87635,New Hampshire,1000,Emerson,2024-07-28,rv,Online Panel/Text-to-Web,None,TRUE,Harris,524,89,33,4,26,2,20,4,1,0
87638,Pennsylvania,470,Quantus Polls and News,2024-07-28,rv,Online Ad,None,TRUE,Harris,232,89,42,19,72,2,17,4,1,0
87642,National,699,Leger,2024-07-28,lv,Online Panel,None,TRUE,Harris,377,89,55,0,49,1,18,4,1,0
87650,Ohio,564,Fabrizio/Impact,2024-07-28,lv,Live Phone,None,TRUE,Harris,252,89,39,17,29,1,9,4,1,0
87651,National,2919,Big Data Poll,2024-07-28,lv,Live Phone/Online Panel/Text-to-Web,None,TRUE,Harris,1445,89,55,0,11,1,13,4,1,0
87619,National,1540,Redfield & Wilton Strategies,2024-07-29,lv,Online Panel,None,TRUE,Harris,788,90,55,0,75,1,18,4,1,0
87639,National,1000,ActiVote,2024-07-29,lv,App Panel,None,TRUE,Harris,487,90,55,0,4,1,1,4,1,0
87640,National,920,McLaughlin,2024-07-29,lv,Online Panel,None,TRUE,Harris,450,90,55,0,56,1,18,4,1,0
87643,National,1012,American Pulse,2024-07-29,lv,IVR/Live Phone/Online Panel/Text-to-Web,None,TRUE,Harris,512,90,55,0,5,1,2,4,1,0
87644,Arizona,364,Public Opinion Strategies,2024-07-29,lv,Online Panel/Text-to-Web,None,TRUE,Harris,172,90,3,11,70,1,20,4,1,0
87645,Michigan,360,Public Opinion Strategies,2024-07-29,lv,Online Panel/Text-to-Web,None,TRUE,Harris,180,90,24,15,70,1,20,4,1,0
87646,Nevada,364,Public Opinion Strategies,2024-07-29,lv,Online Panel/Text-to-Web,None,TRUE,Harris,180,90,32,6,70,1,20,4,1,0
87647,Pennsylvania,372,Public Opinion Strategies,2024-07-29,lv,Online Panel/Text-to-Web,None,TRUE,Harris,192,90,42,19,70,1,20,4,1,0
87648,Wisconsin,376,Public Opinion Strategies,2024-07-29,lv,Online Panel/Text-to-Web,None,TRUE,Harris,192,90,53,10,70,1,20,4,1,0
87628,National,1291,YouGov,2024-07-30,rv,Online Panel,None,TRUE,Harris,660,91,55,0,101,2,18,4,1,0
87631,Arizona,593,PPP,2024-07-30,rv,Unknown,DEM,TRUE,Harris,290,91,3,11,65,2,25,1,1,0
87632,Pennsylvania,596,PPP,2024-07-30,rv,Unknown,DEM,TRUE,Harris,295,91,42,19,65,2,25,1,1,0
87633,Georgia,629,PPP,2024-07-30,rv,Unknown,DEM,TRUE,Harris,318,91,11,16,65,2,25,1,1,0
87641,National,1055,Civiqs,2024-07-30,rv,Online Panel,DEM,TRUE,Harris,550,91,55,0,17,2,18,1,1,0
87668,Pennsylvania,480,GQR,2024-07-30,lv,Live Phone,DEM,TRUE,Harris,250,91,42,19,31,1,9,1,1,0
87703,National,1700,YouGov/SNF Agora,2024-07-30,a,Online Panel,None,TRUE,Harris,860,91,55,0,103,4,18,4,1,0
87656,National,2670,RMG Research,2024-07-31,rv,Unknown,None,TRUE,Harris,1410,92,55,0,74,2,25,4,1,0
87704,Georgia,576,Fabrizio/Impact,2024-07-31,lv,Live Phone,None,TRUE,Harris,288,92,11,16,29,1,9,4,1,0
87665,National,890,YouGov,2024-08-01,rv,Online Panel,None,TRUE,Harris,460,93,55,0,101,2,18,4,1,0
87667,Pennsylvania,576,Fabrizio,2024-08-01,lv,Live Phone/Text-to-Web,REP,TRUE,Harris,288,93,42,19,27,1,14,2,1,0
87678,New York,1103,Siena,2024-08-01,lv,Live Phone,None,TRUE,Harris,635,93,36,28,80,1,9,4,1,0
87698,Wisconsin,792,Marquette Law School,2024-08-01,lv,Live Phone/Email,None,TRUE,Harris,400,93,53,10,54,1,10,4,1,0
87699,National,683,Marquette Law School,2024-08-01,lv,Probability Panel,None,TRUE,Harris,362,93,55,0,54,1,21,4,1,0
87663,National,3061,YouGov,2024-08-02,lv,Online Panel,None,TRUE,Harris,1546,94,55,0,101,1,18,4,1,0
87664,National,1207,TIPP,2024-08-02,rv,Online Panel,None,TRUE,Harris,610,94,55,0,91,2,18,4,1,0
87682,Arizona,493,Redfield & Wilton Strategies,2024-08-03,lv,Online Panel,None,TRUE,Harris,249,95,3,11,75,1,18,4,1,0
87683,Florida,859,Redfield & Wilton Strategies,2024-08-03,lv,Online Panel,None,TRUE,Harris,400,95,10,30,75,1,18,4,1,0
87684,Georgia,1015,Redfield & Wilton Strategies,2024-08-03,lv,Online Panel,None,TRUE,Harris,496,95,11,16,75,1,18,4,1,0
87685,Michigan,640,Redfield & Wilton Strategies,2024-08-03,lv,Online Panel,None,TRUE,Harris,316,95,24,15,75,1,18,4,1,0
87686,Minnesota,468,Redfield & Wilton Strategies,2024-08-03,lv,Online Panel,None,TRUE,Harris,247,95,25,10,75,1,18,4,1,0
87687,Nevada,376,Redfield & Wilton Strategies,2024-08-03,lv,Online Panel,None,TRUE,Harris,188,95,32,6,75,1,18,4,1,0
87688,New Mexico,399,Redfield & Wilton Strategies,2024-08-03,lv,Online Panel,None,TRUE,Harris,217,95,35,5,75,1,18,4,1,0
87689,North Carolina,607,Redfield & Wilton Strategies,2024-08-03,lv,Online Panel,None,TRUE,Harris,293,95,37,16,75,1,18,4,1,0
87690,Pennsylvania,669,Redfield & Wilton Strategies,2024-08-03,lv,Online Panel,None,TRUE,Harris,327,95,42,19,75,1,18,4,1,0
87691,Wisconsin,514,Redfield & Wilton Strategies,2024-08-03,lv,Online Panel,None,TRUE,Harris,257,95,53,10,75,1,18,4,1,0
87675,National,10364,Morning Consult,2024-08-04,rv,Online Panel,None,TRUE,Harris,5407,96,55,0,58,2,18,4,1,0
87679,National,1498,Marist,2024-08-04,rv,Live Phone/Online Panel/Text-to-Web,None,TRUE,Harris,772,96,55,0,53,2,13,4,1,0
87701,National,940,Hart/POS,2024-08-04,a,Live Phone,None,TRUE,Harris,460,96,55,0,36,4,9,4,1,0
87677,National,1405,SurveyUSA,2024-08-05,lv,Online Panel,None,TRUE,Harris,725,97,55,0,89,1,18,4,1,0
87702,Wisconsin,744,RMG Research,2024-08-05,rv,Unknown,None,TRUE,Harris,384,97,53,10,74,2,25,4,1,0
87706,Arizona,430,HighGround,2024-08-05,lv,Live Phone,None,TRUE,Harris,222,97,3,11,38,1,9,4,1,0
87694,National,1000,ActiVote,2024-08-06,lv,App Panel,None,TRUE,Harris,500,98,55,0,4,1,1,4,1,0
87696,National,1244,YouGov,2024-08-06,rv,Online Panel,None,TRUE,Harris,636,98,55,0,101,2,18,4,1,0
87700,Montana,1000,Emerson,2024-08-06,lv,Online Panel/Text-to-Web,None,TRUE,Harris,425,98,28,4,26,1,20,4,1,0
87709,National,1289,Ipsos,2024-08-07,rv,Probability Panel,None,TRUE,Harris,658,99,55,0,42,2,21,4,1,0
